,True entropy,Ideal entropy,Entropy after clustering,Sil,NMI,ARI
0,3.642536979727037,89.03059972188093,4.3242569859706315,0.5530306084582058,0.11630854396376278,0.01880197887599287
